Password;Sequential;OpenMP;MPI
_Hacka1;1.0;2.117647058823529;2.264705882352941
_Hacka1;1.0;2.117647058823529;2.264705882352941
_Hacka1;1.0;2.117647058823529;2.264705882352941
_Hacka1;1.0;2.117647058823529;2.264705882352941
_Hacka1;1.0;2.1176470588235294;2.264705882352941
